time_s,dist,error,velocity
0.404461526,3.025310516357422,2.675310516357422,0.15
0.504943644,3.025310516357422,2.675310516357422,0.15
0.604424107,3.025310516357422,2.675310516357422,0.15
0.704386567,3.01698637008667,2.66698637008667,0.15
0.804409043,3.01698637008667,2.66698637008667,0.15
0.904385277,3.01698637008667,2.66698637008667,0.15
1.004426614,3.01698637008667,2.66698637008667,0.15
1.104383414,2.9849298000335693,2.6349298000335692,0.15
1.204578581,2.9849298000335693,2.6349298000335692,0.15
1.3049968,2.9849298000335693,2.6349298000335692,0.15
1.404405884,2.9849298000335693,2.6349298000335692,0.15
1.50443321,2.9615390300750732,2.611539030075073,0.15
1.606410162,2.9615390300750732,2.611539030075073,0.15
1.704427303,2.9615390300750732,2.611539030075073,0.15
1.8059461689999998,2.9615390300750732,2.611539030075073,0.15
1.906389561,2.9250872135162354,2.5750872135162353,0.15
2.005481655,2.9250872135162354,2.5750872135162353,0.15
2.1055280720000003,2.9250872135162354,2.5750872135162353,0.15
2.2062625450000004,2.8904905319213867,2.5404905319213866,0.15
2.3049960980000006,2.8904905319213867,2.5404905319213866,0.15
2.4049908280000007,2.8904905319213867,2.5404905319213866,0.15
2.504481546000001,2.8904905319213867,2.5404905319213866,0.15
2.604400410000001,2.868482828140259,2.5184828281402587,0.15
2.706843327000001,2.868482828140259,2.5184828281402587,0.15
2.804389793000001,2.868482828140259,2.5184828281402587,0.15
2.9044221240000008,2.840221643447876,2.490221643447876,0.15
3.0044064640000006,2.840221643447876,2.490221643447876,0.15
3.1044035160000005,2.840221643447876,2.490221643447876,0.15
3.2043952760000005,2.8020148277282715,2.4520148277282714,0.15
3.3044031800000004,2.8020148277282715,2.4520148277282714,0.15
3.4054112030000003,2.8020148277282715,2.4520148277282714,0.15
3.5045572760000003,2.7754390239715576,2.4254390239715575,0.15
3.6044344240000004,2.7754390239715576,2.4254390239715575,0.15
3.704399577,2.7754390239715576,2.4254390239715575,0.15
3.804434005,2.755315065383911,2.405315065383911,0.15
3.904471935,2.755315065383911,2.405315065383911,0.15
4.0045226320000005,2.755315065383911,2.405315065383911,0.15
4.104837406000001,2.706876754760742,2.356876754760742,0.15
4.204402096000001,2.706876754760742,2.356876754760742,0.15
4.304411882000001,2.706876754760742,2.356876754760742,0.15
4.406452459000001,2.6929187774658203,2.3429187774658202,0.15
4.504501396000001,2.6929187774658203,2.3429187774658202,0.15
4.604658856000001,2.6929187774658203,2.3429187774658202,0.15
4.704439145000001,2.655165433883667,2.305165433883667,0.15
4.804422695000001,2.655165433883667,2.305165433883667,0.15
4.905103788000002,2.655165433883667,2.305165433883667,0.15
5.005449411000002,2.626065969467163,2.276065969467163,0.15
5.104794473000002,2.626065969467163,2.276065969467163,0.15
5.204439121000002,2.626065969467163,2.276065969467163,0.15
5.3044798690000015,2.5903000831604004,2.2403000831604003,0.15
5.405169828000002,2.5903000831604004,2.2403000831604003,0.15
5.504472159000001,2.5903000831604004,2.2403000831604003,0.15
5.604905051000001,2.5647261142730713,2.214726114273071,0.15
5.706398605000001,2.5647261142730713,2.214726114273071,0.15
5.804701941000001,2.5647261142730713,2.214726114273071,0.15
5.905400478000002,2.5345230102539062,2.184523010253906,0.15
6.005281537000002,2.5345230102539062,2.184523010253906,0.15
6.105449700000002,2.5345230102539062,2.184523010253906,0.15
6.204429284000002,2.5085620880126953,2.1585620880126952,0.15
6.3044253070000025,2.5085620880126953,2.1585620880126952,0.15
6.404425918000002,2.5085620880126953,2.1585620880126952,0.15
6.504430968000002,2.5085620880126953,2.1585620880126952,0.15
6.6049259240000024,2.4731342792510986,2.1231342792510985,0.15
6.705489903000003,2.4731342792510986,2.1231342792510985,0.15
6.806357104000003,2.4731342792510986,2.1231342792510985,0.15
6.904415052000003,2.442265748977661,2.092265748977661,0.15
7.004400201000003,2.442265748977661,2.092265748977661,0.15
7.104411917000003,2.442265748977661,2.092265748977661,0.15
7.204443243000003,2.4123096466064453,2.0623096466064452,0.15
7.305443697000003,2.4123096466064453,2.0623096466064452,0.15
7.4054173000000025,2.4123096466064453,2.0623096466064452,0.15
7.504412840000002,2.3767318725585938,2.0267318725585937,0.15
7.605389606000002,2.3767318725585938,2.0267318725585937,0.15
7.705396419000002,2.3767318725585938,2.0267318725585937,0.15
7.804403424000002,2.3482539653778076,1.9982539653778075,0.15
7.904769494000002,2.3482539653778076,1.9982539653778075,0.15
8.005483367000002,2.3173301219940186,1.9673301219940185,0.15
8.104416126000002,2.3173301219940186,1.9673301219940185,0.15
8.205393055000002,2.3173301219940186,1.9673301219940185,0.15
8.305892976000003,2.3173301219940186,1.9673301219940185,0.15
8.404908795000003,2.2899229526519775,1.9399229526519775,0.15
8.504952700000002,2.2899229526519775,1.9399229526519775,0.15
8.605596992000002,2.2899229526519775,1.9399229526519775,0.15
8.704664283000003,2.2899229526519775,1.9399229526519775,0.15
8.807523883000004,2.2899229526519775,1.9399229526519775,0.15
8.906425530000003,2.253511667251587,1.9035116672515868,0.15
9.006965216000003,2.253511667251587,1.9035116672515868,0.15
9.104654038000003,2.253511667251587,1.9035116672515868,0.15
9.204417716000004,2.253511667251587,1.9035116672515868,0.15
9.305852567000004,2.2193565368652344,1.8693565368652343,0.15
9.406065067000004,2.2193565368652344,1.8693565368652343,0.15
9.507031690000003,2.2193565368652344,1.8693565368652343,0.15
9.606454122000004,2.2193565368652344,1.8693565368652343,0.15
9.705463964000003,2.2193565368652344,1.8693565368652343,0.15
9.804485015000003,2.2193565368652344,1.8693565368652343,0.15
9.905537523000003,2.2193565368652344,1.8693565368652343,0.15
10.007502025000003,2.195132255554199,1.8451322555541991,0.15
10.106993256000003,2.195132255554199,1.8451322555541991,0.15
10.204553566000003,2.195132255554199,1.8451322555541991,0.15
10.304708504000002,2.195132255554199,1.8451322555541991,0.15
10.405420397000002,2.195132255554199,1.8451322555541991,0.15
10.504527506000002,2.195132255554199,1.8451322555541991,0.15
10.604973882000003,2.165210247039795,1.8152102470397948,0.15
10.705546167000003,2.165210247039795,1.8152102470397948,0.15
10.806789729000004,2.165210247039795,1.8152102470397948,0.15
10.905680558000004,2.165210247039795,1.8152102470397948,0.15
11.004459914000003,2.165210247039795,1.8152102470397948,0.15
11.106971642000003,2.165210247039795,1.8152102470397948,0.15
11.204717397000003,2.165210247039795,1.8152102470397948,0.15
11.306722223000003,2.165210247039795,1.8152102470397948,0.15
11.406540821000004,2.165210247039795,1.8152102470397948,0.15
11.507578685000004,2.140956401824951,1.790956401824951,0.15
11.604988386000004,2.140956401824951,1.790956401824951,0.15
11.707447809000005,2.140956401824951,1.790956401824951,0.15
11.805408637000005,2.140956401824951,1.790956401824951,0.15
11.904399370000005,2.1122536659240723,1.7622536659240722,0.15
12.005305108000005,2.1122536659240723,1.7622536659240722,0.15
12.104409205000005,2.1122536659240723,1.7622536659240722,0.15
12.205403108000006,2.1122536659240723,1.7622536659240722,0.15
12.306414857000005,2.1122536659240723,1.7622536659240722,0.15
12.404573805000005,2.0768582820892334,1.7268582820892333,0.15
12.506359521000006,2.0768582820892334,1.7268582820892333,0.15
12.604513031000005,2.0768582820892334,1.7268582820892333,0.15
12.704930914000006,2.0768582820892334,1.7268582820892333,0.15
12.804425648000006,2.0520975589752197,1.7020975589752196,0.15
12.905317087000006,2.0520975589752197,1.7020975589752196,0.15
13.004661033000005,2.0520975589752197,1.7020975589752196,0.15
13.106664772000006,2.0520975589752197,1.7020975589752196,0.15
13.204626695000005,2.0171151161193848,1.6671151161193847,0.15
13.304386516000005,2.0171151161193848,1.6671151161193847,0.15
13.406034402000005,2.0171151161193848,1.6671151161193847,0.15
13.507466023000005,2.0171151161193848,1.6671151161193847,0.15
13.605124759000004,1.9769140481948853,1.6269140481948852,0.15
13.704396211000004,1.9769140481948853,1.6269140481948852,0.15
13.804629295000003,1.9769140481948853,1.6269140481948852,0.15
13.904393127000004,1.9769140481948853,1.6269140481948852,0.15
14.006376317000004,1.9659966230392456,1.6159966230392455,0.15
14.104386717000004,1.9659966230392456,1.6159966230392455,0.15
14.204396116000003,1.9659966230392456,1.6159966230392455,0.15
14.306435079000003,1.9659966230392456,1.6159966230392455,0.15
14.404382217000004,1.9187461137771606,1.5687461137771606,0.15
14.504597062000004,1.9187461137771606,1.5687461137771606,0.15
14.606549944000005,1.9187461137771606,1.5687461137771606,0.15
14.704399864000004,1.9187461137771606,1.5687461137771606,0.15
14.806254284000005,1.895882248878479,1.545882248878479,0.15
14.904455275000005,1.895882248878479,1.545882248878479,0.15
15.006397925000005,1.895882248878479,1.545882248878479,0.15
15.104447857000006,1.895882248878479,1.545882248878479,0.15
15.206379108000005,1.8582683801651,1.5082683801651,0.15
15.304385388000005,1.8582683801651,1.5082683801651,0.15
15.405405632000006,1.8582683801651,1.5082683801651,0.15
15.504390124000006,1.8582683801651,1.5082683801651,0.15
15.604389090000005,1.825254201889038,1.475254201889038,0.15
15.704379533000004,1.825254201889038,1.475254201889038,0.15
15.804465115000005,1.825254201889038,1.475254201889038,0.15
15.904411488000004,1.805693507194519,1.455693507194519,0.15
16.004411747000006,1.805693507194519,1.455693507194519,0.15
16.104420567000005,1.805693507194519,1.455693507194519,0.15
16.204440260000005,1.7714521884918213,1.4214521884918212,0.15
16.304462928000007,1.7714521884918213,1.4214521884918212,0.15
16.404417998000007,1.7714521884918213,1.4214521884918212,0.15
16.505039823000008,1.7424496412277222,1.392449641227722,0.15
16.604395679000007,1.7424496412277222,1.392449641227722,0.15
16.704391793000006,1.7424496412277222,1.392449641227722,0.15
16.804411970000007,1.7119449377059937,1.3619449377059936,0.15
16.904387133000007,1.7119449377059937,1.3619449377059936,0.15
17.004432397000006,1.7119449377059937,1.3619449377059936,0.15
17.104538326000007,1.6737656593322754,1.3237656593322753,0.15
17.204384583000007,1.6737656593322754,1.3237656593322753,0.15
17.304414057000006,1.6737656593322754,1.3237656593322753,0.15
17.405274296000005,1.6520962715148926,1.3020962715148925,0.15
17.504488825000006,1.6520962715148926,1.3020962715148925,0.15
17.604521229000007,1.6520962715148926,1.3020962715148925,0.15
17.704467605000005,1.617205262184143,1.267205262184143,0.15
17.804427760000006,1.617205262184143,1.267205262184143,0.15
17.904394256000007,1.617205262184143,1.267205262184143,0.15
18.004377412000007,1.5882377624511719,1.2382377624511718,0.15
18.104381287000006,1.5882377624511719,1.2382377624511718,0.15
18.204437813000006,1.5532305240631104,1.2032305240631103,0.15
18.304428147000007,1.5532305240631104,1.2032305240631103,0.15
18.404409228000006,1.5532305240631104,1.2032305240631103,0.15
18.504879793000004,1.5269875526428223,1.1769875526428222,0.15
18.605385442000003,1.5269875526428223,1.1769875526428222,0.15
18.704391099000002,1.5269875526428223,1.1769875526428222,0.15
18.804363570000003,1.5269875526428223,1.1769875526428222,0.15
18.904461848000004,1.4973900318145752,1.147390031814575,0.15
19.004503164000003,1.4973900318145752,1.147390031814575,0.15
19.105377384000004,1.4973900318145752,1.147390031814575,0.15
19.204403381000002,1.4973900318145752,1.147390031814575,0.15
19.304403509000004,1.4705730676651,1.1205730676651,0.15
19.405440841000004,1.4705730676651,1.1205730676651,0.15
19.508618807000005,1.4381009340286255,1.0881009340286254,0.15
19.604660542000005,1.4381009340286255,1.0881009340286254,0.15
19.704461026000004,1.4381009340286255,1.0881009340286254,0.15
19.804633841000005,1.4381009340286255,1.0881009340286254,0.15
19.904386311000003,1.4094488620758057,1.0594488620758056,0.15
20.004756505000003,1.4094488620758057,1.0594488620758056,0.15
20.107449613000004,1.4094488620758057,1.0594488620758056,0.15
20.204398494000003,1.3736697435379028,1.0236697435379027,0.15
20.304585669,1.3736697435379028,1.0236697435379027,0.15
20.404421719000002,1.3736697435379028,1.0236697435379027,0.15
20.504424119000003,1.3529664278030396,1.0029664278030395,0.15
20.604413506000004,1.3529664278030396,1.0029664278030395,0.15
20.704395959000003,1.3529664278030396,1.0029664278030395,0.15
20.804389052,1.3161439895629883,0.9661439895629883,0.15
20.904410820000003,1.3161439895629883,0.9661439895629883,0.15
21.005395170000003,1.3161439895629883,0.9661439895629883,0.15
21.104399487000002,1.2868216037750244,0.9368216037750244,0.15
21.204436989,1.2868216037750244,0.9368216037750244,0.15
21.30479198,1.2607094049453735,0.9107094049453736,0.15
21.404390433,1.2607094049453735,0.9107094049453736,0.15
21.504382838999998,1.2607094049453735,0.9107094049453736,0.15
21.605410523999996,1.217613935470581,0.8676139354705811,0.15
21.704473644999997,1.217613935470581,0.8676139354705811,0.15
21.806381938999998,1.217613935470581,0.8676139354705811,0.15
21.904387566999997,1.196763277053833,0.846763277053833,0.15
22.004959334999995,1.196763277053833,0.846763277053833,0.15
22.104499999999994,1.196763277053833,0.846763277053833,0.15
22.204453983999993,1.1682699918746948,0.8182699918746948,0.15
22.306405624999993,1.1682699918746948,0.8182699918746948,0.15
22.40438367599999,1.1682699918746948,0.8182699918746948,0.15
22.50526809899999,1.1349830627441406,0.7849830627441406,0.15
22.60474586599999,1.1349830627441406,0.7849830627441406,0.15
22.70499886199999,1.1349830627441406,0.7849830627441406,0.15
22.80441352599999,1.1068086624145508,0.7568086624145508,0.15
22.90578743799999,1.1068086624145508,0.7568086624145508,0.15
23.00446633299999,1.1068086624145508,0.7568086624145508,0.15
23.10481518399999,1.0776861906051636,0.7276861906051636,0.15
23.204405516999987,1.0776861906051636,0.7276861906051636,0.15
23.304767759999987,1.0776861906051636,0.7276861906051636,0.15
23.404407457999987,1.0368587970733643,0.6868587970733643,0.15
23.504383855999986,1.0368587970733643,0.6868587970733643,0.15
23.605390535999987,1.0129777193069458,0.6629777193069458,0.15
23.705387281999986,1.0129777193069458,0.6629777193069458,0.15
23.804415806999987,1.0129777193069458,0.6629777193069458,0.15
23.90529947399999,0.9823899269104004,0.6323899269104004,0.15
24.004403972999988,0.9823899269104004,0.6323899269104004,0.15
24.105373145999987,0.9823899269104004,0.6323899269104004,0.15
24.204608617999988,0.9504570364952087,0.6004570364952088,0.15
24.306379756999988,0.9504570364952087,0.6004570364952088,0.15
24.404449375999988,0.9196109771728516,0.5696109771728516,0.15
24.504410443999987,0.9196109771728516,0.5696109771728516,0.15
24.604596677999986,0.9196109771728516,0.5696109771728516,0.15
24.704362067999988,0.9196109771728516,0.5696109771728516,0.15
24.80539116899999,0.8922209143638611,0.5422209143638611,0.15
24.90462263799999,0.8922209143638611,0.5422209143638611,0.15
25.004403794999988,0.8922209143638611,0.5422209143638611,0.15
25.10537745799999,0.8482221364974976,0.4982221364974976,0.15
25.20526655099999,0.8482221364974976,0.4982221364974976,0.15
25.30538972599999,0.8482221364974976,0.4982221364974976,0.15
25.40463918899999,0.8302666544914246,0.4802666544914246,0.15
25.50638959099999,0.8302666544914246,0.4802666544914246,0.15
25.60457529399999,0.8033197522163391,0.45331975221633913,0.15
25.70439166799999,0.8033197522163391,0.45331975221633913,0.15
25.80512110399999,0.8033197522163391,0.45331975221633913,0.15
25.90516239599999,0.7713240385055542,0.4213240385055542,0.15
26.00639237099999,0.7713240385055542,0.4213240385055542,0.15
26.104457929999988,0.7713240385055542,0.4213240385055542,0.15
26.204402217999988,0.7401677370071411,0.39016773700714114,0.15
26.30438563999999,0.7401677370071411,0.39016773700714114,0.15
26.405383105999988,0.7401677370071411,0.39016773700714114,0.15
26.504379496999988,0.7097370624542236,0.35973706245422366,0.15
26.60605685999999,0.7097370624542236,0.35973706245422366,0.15
26.70452008899999,0.7097370624542236,0.35973706245422366,0.15
26.80438509099999,0.6848964095115662,0.3348964095115662,0.15
26.90513046799999,0.6848964095115662,0.3348964095115662,0.15
27.005392226999987,0.6518841981887817,0.30188419818878176,0.15
27.104808706999986,0.6518841981887817,0.30188419818878176,0.15
27.204843047999987,0.6518841981887817,0.30188419818878176,0.15
27.305392731999987,0.6149628162384033,0.26496281623840334,0.15
27.404395041999987,0.6149628162384033,0.26496281623840334,0.15
27.506639615999987,0.58954918384552,0.23954918384552004,0.15
27.60445772099999,0.58954918384552,0.23954918384552004,0.15
27.705381081999988,0.58954918384552,0.23954918384552004,0.15
27.804422493999986,0.5584895610809326,0.20848956108093264,0.15
27.905394694999988,0.5584895610809326,0.20848956108093264,0.15
28.004418117999986,0.5584895610809326,0.20848956108093264,0.15
28.104410915999985,0.5324925184249878,0.18249251842498782,0.15
28.204431047999986,0.5324925184249878,0.18249251842498782,0.15
28.306400758999985,0.4965561032295227,0.14655610322952273,0.15
28.405545344999986,0.4965561032295227,0.14655610322952273,0.15
28.505438877999985,0.4965561032295227,0.14655610322952273,0.15
28.604440284999985,0.46952033042907715,0.11952033042907717,0.15
28.704569203999984,0.46952033042907715,0.11952033042907717,0.15
28.805387126999985,0.4366321563720703,0.08663215637207033,0.15
28.908463163999986,0.4366321563720703,0.08663215637207033,0.15
29.004392633999988,0.4366321563720703,0.08663215637207033,0.15
29.104409567999987,0.40689021348953247,0.05689021348953249,0.15
29.205386363999988,0.40689021348953247,0.05689021348953249,0.15
29.306377781999988,0.37256690859794617,0.02256690859794619,0.15
29.404400574999986,0.37256690859794617,0.02256690859794619,0.15
29.504734328999987,0.37256690859794617,0.02256690859794619,0.15
29.604412687999986,0.37256690859794617,0.02256690859794619,0.15
29.705394569999985,0.3436804711818695,-0.006319528818130471,0.15
29.805532478999986,0.3436804711818695,-0.006319528818130471,0.15
29.905394656999984,0.3436804711818695,-0.006319528818130471,0.15
30.005423259999983,0.31790149211883545,-0.03209850788116453,0.02385970743316819
30.104634385999983,0.31790149211883545,-0.03209850788116453,0.023956905485707725
30.205292969999984,0.31790149211883545,-0.03209850788116453,0.023924714240743494
30.304829207999983,0.2957170009613037,-0.05428299903869627,-0.15
30.405448817999982,0.2957170009613037,-0.05428299903869627,-0.15
30.505737731999982,0.2957170009613037,-0.05428299903869627,-0.15
30.604529028999984,0.2957170009613037,-0.05428299903869627,-0.15
30.705391217999985,0.31088805198669434,-0.03911194801330564,-0.06322153217302252
30.805551784999984,0.31088805198669434,-0.03911194801330564,-0.06333729572039232
30.906408284999983,0.31088805198669434,-0.03911194801330564,-0.06337642971659291
31.005402640999982,0.32825714349746704,-0.021742856502532937,0.15
31.105468505999983,0.32825714349746704,-0.021742856502532937,0.15
31.205524877999984,0.32825714349746704,-0.021742856502532937,0.15
31.304480989999984,0.32820942997932434,-0.021790570020675637,0.15
31.405403818999986,0.32820942997932434,-0.021790570020675637,0.15
31.505435027999987,0.32820942997932434,-0.021790570020675637,0.15
31.60444616599999,0.31175875663757324,-0.038241243362426736,-0.05283189991561866
31.704414828999987,0.31175875663757324,-0.038241243362426736,-0.05278696387477111
31.806395052999985,0.31175875663757324,-0.038241243362426736,-0.052824454271587995
31.904375006999985,0.29186511039733887,-0.05813488960266111,-0.15
32.00639349399999,0.29186511039733887,-0.05813488960266111,-0.15
32.10443004699999,0.29186511039733887,-0.05813488960266111,-0.15
32.205420621999984,0.32034972310066223,-0.029650276899337746,0.05364233423775468
32.30469218999998,0.32034972310066223,-0.029650276899337746,0.05346969920094352
32.40475267299998,0.3435947299003601,-0.00640527009963987,0.15
32.50439123399998,0.3435947299003601,-0.00640527009963987,0.15
32.60454319399998,0.3435947299003601,-0.00640527009963987,0.15
32.70443653099998,0.32225501537323,-0.027744984626769997,0.07693994742903291
32.80506864499998,0.32225501537323,-0.027744984626769997,0.07702110481719804
32.90676750899998,0.28727614879608154,-0.06272385120391843,-0.15
33.00482575499998,0.28727614879608154,-0.06272385120391843,-0.15
33.10449794799998,0.28727614879608154,-0.06272385120391843,-0.15
33.205411558999984,0.3079703450202942,-0.04202965497970579,-0.10023464042965788
33.304428651999984,0.3079703450202942,-0.04202965497970579,-0.10038120903386666
33.40538141999998,0.3079703450202942,-0.04202965497970579,-0.10042320792271864
33.50439087399998,0.32246702909469604,-0.027532970905303933,0.07938059696744276
33.60446888199998,0.32246702909469604,-0.027532970905303933,0.07928032244731464
33.70439568099998,0.32246702909469604,-0.027532970905303933,0.07925300253617473
33.80442376399998,0.32246702909469604,-0.027532970905303933,0.07922526886753262
33.905435200999975,0.32246702909469604,-0.027532970905303933,0.0791978827442783
34.00466136599997,0.31886807084083557,-0.031131929159164407,0.03452148553375651
34.105390301999975,0.31886807084083557,-0.031131929159164407,0.03450866413323567
34.20485694999998,0.31886807084083557,-0.031131929159164407,0.034476925085693944
34.30626240799998,0.3113933205604553,-0.038606679439544656,-0.058285949364769545
34.40444709699998,0.3113933205604553,-0.038606679439544656,-0.058286799190234495
34.50639724399998,0.315271258354187,-0.034728741645812966,-0.010215700363139985
34.60441488799998,0.315271258354187,-0.034728741645812966,-0.010269506139576279
34.70538042599998,0.315271258354187,-0.034728741645812966,-0.010304216511801467
34.80536335799998,0.315271258354187,-0.034728741645812966,-0.010338945746942718
34.90445355199998,0.3190348148345947,-0.03096518516540525,0.0363165172476355
35.00440065799998,0.3190348148345947,-0.03096518516540525,0.03626688156201219
35.10440207899998,0.3114076256752014,-0.03859237432479856,-0.058386991704262085
35.205389922999984,0.3114076256752014,-0.03859237432479856,-0.05838702219851366
35.305508733999986,0.3114076256752014,-0.03859237432479856,-0.058425665837018914
35.40534938499999,0.32479238510131836,-0.02520761489868162,0.10758689761458302
35.50440342599999,0.32479238510131836,-0.02520761489868162,0.10749496392100366
35.604536260999986,0.32479238510131836,-0.02520761489868162,0.10746950249718457
35.70472060799999,0.31765496730804443,-0.032345032691955544,0.018897492066754455
35.80442477099999,0.31765496730804443,-0.032345032691955544,0.01890045901902565
35.905431644999986,0.31765496730804443,-0.032345032691955544,0.018868822723897616
36.00550182299999,0.30903711915016174,-0.040962880849838235,-0.08807654648597989
36.10658414399999,0.30903711915016174,-0.040962880849838235,-0.08807441416540174
36.20439296499999,0.30903711915016174,-0.040962880849838235,-0.08811578476659948
36.30439623599999,0.31692925095558167,-0.03307074904441831,0.009753023321066109
36.404378243999986,0.31692925095558167,-0.03307074904441831,0.009680825187333042
36.50537358499999,0.31692925095558167,-0.03307074904441831,0.009647477881173372
36.60539593599999,0.32242560386657715,-0.02757439613342283,0.07780262434517661
36.704414837999984,0.32242560386657715,-0.02757439613342283,0.07774722060836375
36.80525109699998,0.32242560386657715,-0.02757439613342283,0.07771948822445196
36.90441366899998,0.31327131390571594,-0.036728686094284035,-0.03587630385359193
37.00483250899998,0.31327131390571594,-0.036728686094284035,-0.035867160100712725
37.10540545999998,0.31327131390571594,-0.036728686094284035,-0.03590380693913375
37.20439166599998,0.30619990825653076,-0.043800091743469216,-0.123668413540349
37.30539303999998,0.30619990825653076,-0.043800091743469216,-0.12367651527556867
37.40517019599998,0.3223513662815094,-0.02764863371849058,0.0766547316442816
37.50539816999998,0.3223513662815094,-0.02764863371849058,0.07654627088067012
37.60443527299998,0.3223513662815094,-0.02764863371849058,0.07651834280718739
37.70438109699998,0.3322051167488098,-0.017794883251190163,0.15
37.80442111699998,0.3322051167488098,-0.017794883251190163,0.15
37.905431798999984,0.3322051167488098,-0.017794883251190163,0.15
38.00538041299998,0.30490046739578247,-0.04509953260421751,-0.1401075643560985
38.10452844799998,0.30490046739578247,-0.04509953260421751,-0.1400162643221372
38.20461913499998,0.30490046739578247,-0.04509953260421751,-0.14006124705552092
38.30473070999998,0.27849745750427246,-0.07150254249572752,-0.15
38.40466756999998,0.27849745750427246,-0.07150254249572752,-0.15
38.50440858899998,0.27849745750427246,-0.07150254249572752,-0.15
38.60538776299998,0.3044491708278656,-0.04555082917213438,-0.14578759724536214
38.70548594699998,0.3044491708278656,-0.04555082917213438,-0.14596294758266948
38.80445716799998,0.33049288392066956,-0.019507116079330422,0.15
38.904421880999976,0.33049288392066956,-0.019507116079330422,0.15
39.00441120599998,0.33049288392066956,-0.019507116079330422,0.15
39.10528298199998,0.3416749835014343,-0.008325016498565652,0.15
39.204435011999976,0.3416749835014343,-0.008325016498565652,0.15
39.304389725999975,0.3416749835014343,-0.008325016498565652,0.15
39.404435850999974,0.3149503767490387,-0.03504962325096128,-0.016000172991341464
39.50439164899998,0.3149503767490387,-0.03504962325096128,-0.015901609576198072
39.60440402299998,0.3149503767490387,-0.03504962325096128,-0.01593665014788387
39.70439106399998,0.3065705895423889,-0.04342941045761106,-0.11993133926847914
39.80446899299998,0.3065705895423889,-0.04342941045761106,-0.11993288924085599
39.90444316799998,0.3111930191516876,-0.038806980848312356,-0.06263039268953402
40.00440431199998,0.3111930191516876,-0.038806980848312356,-0.06269268721481547
40.10448670899998,0.32994788885116577,-0.020052111148834206,0.15
40.20438301899998,0.32994788885116577,-0.020052111148834206,0.15
40.305288542999975,0.32994788885116577,-0.020052111148834206,0.15
40.404383640999974,0.322428822517395,-0.027571177482604958,0.07650613994975392
40.504420804999974,0.322428822517395,-0.027571177482604958,0.07651612535444596
40.604398337999974,0.322428822517395,-0.027571177482604958,0.07648856371548796
40.704496135999975,0.30759355425834656,-0.04240644574165342,-0.1075850566185312
40.804503454999974,0.30759355425834656,-0.04240644574165342,-0.10755354286611052
40.90446885899998,0.30759355425834656,-0.04240644574165342,-0.10759594597616112
41.005398074999974,0.30533936619758606,-0.04466063380241392,-0.13560405934696532
41.10439169599997,0.30533936619758606,-0.04466063380241392,-0.13563738463931285
41.20438382999997,0.30533936619758606,-0.04466063380241392,-0.13568224628258907
41.30513022799997,0.30533936619758606,-0.04466063380241392,-0.13572666793421373
41.40479905499997,0.3361620306968689,-0.013837969303131081,0.15
41.50524913699997,0.3361620306968689,-0.013837969303131081,0.15
41.60471402999997,0.3361620306968689,-0.013837969303131081,0.15
41.70492899799997,0.3407810926437378,-0.009218907356262185,0.15
41.80516936299997,0.3407810926437378,-0.009218907356262185,0.15
41.90544952799997,0.3407810926437378,-0.009218907356262185,0.15
42.00463302299997,0.33014532923698425,-0.019854670763015725,0.15
42.105051499999966,0.33014532923698425,-0.019854670763015725,0.15
42.20444051599997,0.33014532923698425,-0.019854670763015725,0.15
42.30547219899997,0.29744306206703186,-0.05255693793296812,-0.15
42.40510574499997,0.29744306206703186,-0.05255693793296812,-0.15
42.50528375599997,0.29744306206703186,-0.05255693793296812,-0.15
42.604439160999966,0.27722442150115967,-0.07277557849884031,-0.15
42.70473142799997,0.27722442150115967,-0.07277557849884031,-0.15
42.805434293999966,0.27722442150115967,-0.07277557849884031,-0.15
42.90480760799996,0.27722442150115967,-0.07277557849884031,-0.15
43.01959469199996,0.30451932549476624,-0.04548067450523374,-0.1463777215289036
43.105726453999964,0.30451932549476624,-0.04548067450523374,-0.14656708314389516
43.217047284999964,0.30451932549476624,-0.04548067450523374,-0.14661209449558843
43.31043429599996,0.3356070816516876,-0.014392918348312356,0.15
43.40547018199996,0.3356070816516876,-0.014392918348312356,0.15
43.50443826499996,0.3356070816516876,-0.014392918348312356,0.15
43.60651266099996,0.353372186422348,0.0033721864223480447,0.15
43.70512183799996,0.353372186422348,0.0033721864223480447,0.15
43.80539435499996,0.353372186422348,0.0033721864223480447,0.15
43.905746421999964,0.3385257422924042,-0.011474257707595803,0.15
44.004402478999964,0.3385257422924042,-0.011474257707595803,0.15
44.10438343399996,0.3131658434867859,-0.03683415651321409,-0.03961418904596607
44.204398469999965,0.3131658434867859,-0.03683415651321409,-0.039525188449461846
44.30439655699997,0.3131658434867859,-0.03683415651321409,-0.039561972984104465
44.405411212999965,0.29163384437561035,-0.058366155624389626,-0.15
44.50457254999996,0.29163384437561035,-0.058366155624389626,-0.15
44.60443783299996,0.29163384437561035,-0.058366155624389626,-0.15
44.704437881999965,0.3124222755432129,-0.03757772445678709,-0.04889193371802464
44.80448039799997,0.3124222755432129,-0.03757772445678709,-0.049032513258307375
44.904435390999964,0.33248427510261536,-0.01751572489738462,0.15
45.00513542099996,0.33248427510261536,-0.01751572489738462,0.15
45.10455589699996,0.3381752669811249,-0.0118247330188751,0.15
45.20438880999996,0.3381752669811249,-0.0118247330188751,0.15
45.30441167699996,0.3381752669811249,-0.0118247330188751,0.15
45.40551754599996,0.30794015526771545,-0.042059844732284524,-0.1048734028398155
45.50438731499996,0.30794015526771545,-0.042059844732284524,-0.10476542846563974
45.60446735599996,0.30794015526771545,-0.042059844732284524,-0.10480744589596275
45.70551262799996,0.29122814536094666,-0.05877185463905332,-0.15
45.804508083999956,0.29122814536094666,-0.05877185463905332,-0.15
45.90440724099996,0.29122814536094666,-0.05877185463905332,-0.15
46.00442186299996,0.3112980127334595,-0.038701987266540505,-0.06328606250942416
46.10439750399996,0.3112980127334595,-0.038701987266540505,-0.06342373493458808
46.20440788799996,0.3331942558288574,-0.016805744171142556,0.15
46.30540789999996,0.3331942558288574,-0.016805744171142556,0.15
46.404412267999966,0.3355214297771454,-0.014478570222854592,0.15
46.50532347499997,0.3355214297771454,-0.014478570222854592,0.15
46.605222135999966,0.3355214297771454,-0.014478570222854592,0.15
46.706148672999966,0.3092708885669708,-0.04072911143302915,-0.08880916577029341
46.804474793999965,0.3092708885669708,-0.04072911143302915,-0.0887185860592199
46.90443563999997,0.28199371695518494,-0.06800628304481504,-0.15
47.00439156499997,0.28199371695518494,-0.06800628304481504,-0.15
47.104395882999974,0.28199371695518494,-0.06800628304481504,-0.15
47.204380344999976,0.3073411285877228,-0.0426588714122772,-0.11276823306636345
47.304396863999976,0.3073411285877228,-0.0426588714122772,-0.11293696034003942
47.40441433899998,0.3073411285877228,-0.0426588714122772,-0.11298045713406751
47.50481106499998,0.3342684507369995,-0.015731549263000466,0.15
47.604417608999974,0.3342684507369995,-0.015731549263000466,0.15
47.706381848999975,0.3342684507369995,-0.015731549263000466,0.15
47.805381689999976,0.35260581970214844,0.0026058197021484597,0.15
47.90502928199997,0.35260581970214844,0.0026058197021484597,0.15
48.004549239999974,0.35260581970214844,0.0026058197021484597,0.15
48.105554917999974,0.3301923871040344,-0.019807612895965554,0.15
48.20442699899998,0.3301923871040344,-0.019807612895965554,0.15
48.30441360899998,0.3301923871040344,-0.019807612895965554,0.15
48.40494648999998,0.29437458515167236,-0.055625414848327615,-0.15
48.50442920899998,0.29437458515167236,-0.055625414848327615,-0.15
48.60442326799998,0.2771449387073517,-0.0728550612926483,-0.15
48.70497424199998,0.2771449387073517,-0.0728550612926483,-0.15
48.80438890999998,0.2771449387073517,-0.0728550612926483,-0.15
48.90437488799998,0.29625752568244934,-0.05374247431755064,-0.15
49.004444698999976,0.29625752568244934,-0.05374247431755064,-0.15
49.10538597599997,0.3342052102088928,-0.015794789791107156,0.15
49.204434989999974,0.3342052102088928,-0.015794789791107156,0.15
49.304461849999974,0.3342052102088928,-0.015794789791107156,0.15
49.404951937999975,0.3426802158355713,-0.007319784164428689,0.15
49.50438073399997,0.3426802158355713,-0.007319784164428689,0.15
49.60437724599997,0.3210606276988983,-0.028939372301101662,0.0564062301445161
49.70533213899997,0.3210606276988983,-0.028939372301101662,0.05648541355716863
49.80439189799997,0.3210606276988983,-0.028939372301101662,0.05645646992267678
49.90436165799997,0.29884785413742065,-0.051152145862579323,-0.15
50.00438879899997,0.29884785413742065,-0.051152145862579323,-0.15
50.10440352699997,0.29801639914512634,-0.051983600854873635,-0.15
50.20439599699996,0.29801639914512634,-0.051983600854873635,-0.15
50.304986990999964,0.29801639914512634,-0.051983600854873635,-0.15
50.40550786499996,0.3295890688896179,-0.020410931110382058,0.15
50.50441784399996,0.3295890688896179,-0.020410931110382058,0.15
50.60439637899996,0.3295890688896179,-0.020410931110382058,0.15
50.70439021799996,0.348384290933609,-0.001615709066390969,0.15
50.804378479999954,0.348384290933609,-0.001615709066390969,0.15
50.90439326299995,0.348384290933609,-0.001615709066390969,0.15
51.00441127799996,0.3162286877632141,-0.033771312236785866,-0.003978437843937599
51.10439161999996,0.3162286877632141,-0.033771312236785866,-0.0038514538596620684
51.20438114399996,0.3038022816181183,-0.04619771838188169,-0.15
51.30439876899996,0.3038022816181183,-0.04619771838188169,-0.15
51.40438214899996,0.3038022816181183,-0.04619771838188169,-0.15
51.50576094399996,0.3129003345966339,-0.03709966540336607,-0.04525348955708919
51.60437901399996,0.3129003345966339,-0.03709966540336607,-0.045335831435204865
51.70441219899996,0.3129003345966339,-0.03709966540336607,-0.045373311229344904
51.804703248999964,0.3129003345966339,-0.03709966540336607,-0.045410030581255256
51.90439047799996,0.33432185649871826,-0.015678143501281716,0.15
52.00541509299996,0.33432185649871826,-0.015678143501281716,0.15
52.10438997999996,0.33432185649871826,-0.015678143501281716,0.15
52.205201670999955,0.3258231580257416,-0.0241768419742584,0.11471946251874272
52.304377719999955,0.3258231580257416,-0.0241768419742584,0.11473757308129678
52.404385611999956,0.3258231580257416,-0.0241768419742584,0.11471312891428842
52.505429708999955,0.2925657033920288,-0.05743429660797117,-0.15
52.604465972999954,0.2925657033920288,-0.05743429660797117,-0.15
52.705571679999956,0.2925657033920288,-0.05743429660797117,-0.15
52.80437949699996,0.28664523363113403,-0.06335476636886594,-0.15
52.904402554999955,0.28664523363113403,-0.06335476636886594,-0.15
53.00443236699996,0.31662535667419434,-0.03337464332580564,0.00047864471171536516
53.104409398999955,0.31662535667419434,-0.03337464332580564,0.0002953008681589875
53.20442863999995,0.32812830805778503,-0.021871691942214944,0.1429673633470096
53.304383756999954,0.32812830805778503,-0.021871691942214944,0.14288812065437712
53.40438757699995,0.32812830805778503,-0.021871691942214944,0.1428660569421027
53.50461183599995,0.3114315867424011,-0.038568413257598855,-0.06429534401294705
53.60454296699995,0.3114315867424011,-0.038568413257598855,-0.06425099142506935
53.70542090699995,0.3114315867424011,-0.038568413257598855,-0.06428982055424393
53.80541061299995,0.3114315867424011,-0.038568413257598855,-0.06432778682123502
53.906891617999946,0.3114315867424011,-0.038568413257598855,-0.06436958555778582
54.00756760099995,0.3114315867424011,-0.038568413257598855,-0.06440433679385954
54.10600635899995,0.3114315867424011,-0.038568413257598855,-0.06444290304381484
54.21438192599995,0.3036225736141205,-0.046377426385879494,-0.15
54.30448476699995,0.3036225736141205,-0.046377426385879494,-0.15
54.40447915799995,0.3036225736141205,-0.046377426385879494,-0.15
54.50464867899995,0.3036225736141205,-0.046377426385879494,-0.15
54.60443797199995,0.3184061646461487,-0.031593835353851296,0.02189873118706887
54.70543917199995,0.3184061646461487,-0.031593835353851296,0.021792843369836057
54.804499512999946,0.3184061646461487,-0.031593835353851296,0.021761226605888084
54.904439591999946,0.3481089770793915,-0.0018910229206084983,0.15
55.00548950499994,0.3481089770793915,-0.0018910229206084983,0.15
55.10556207799994,0.3481089770793915,-0.0018910229206084983,0.15
55.20494174299994,0.3481089770793915,-0.0018910229206084983,0.15
55.30512875699994,0.3219635784626007,-0.02803642153739927,0.06570804225198598
55.40488179999994,0.3219635784626007,-0.02803642153739927,0.06580875868458136
55.50450543799994,0.3219635784626007,-0.02803642153739927,0.06578065151061097
55.605683519999936,0.2999756336212158,-0.05002436637878416,-0.15
55.70729570799993,0.2999756336212158,-0.05002436637878416,-0.15
55.807548066999935,0.2999756336212158,-0.05002436637878416,-0.15
55.90438740299994,0.2983493506908417,-0.0516506493091583,-0.15
56.00559191299994,0.2983493506908417,-0.0516506493091583,-0.15
56.10536561699994,0.2983493506908417,-0.0516506493091583,-0.15
56.20440636799994,0.3290429413318634,-0.020957058668136574,0.15
56.30550684699994,0.3290429413318634,-0.020957058668136574,0.15
56.40489499299994,0.3290429413318634,-0.020957058668136574,0.15
56.504758427999946,0.34842798113822937,-0.0015720188617706077,0.15
56.604422019999944,0.34842798113822937,-0.0015720188617706077,0.15
56.70524392699994,0.34842798113822937,-0.0015720188617706077,0.15
56.80713670799994,0.330681711435318,-0.019318288564681985,0.15
56.90627398599994,0.330681711435318,-0.019318288564681985,0.15
57.00548458999994,0.330681711435318,-0.019318288564681985,0.15
57.10543325399994,0.29229825735092163,-0.05770174264907835,-0.15
57.20448268499994,0.29229825735092163,-0.05770174264907835,-0.15
57.30444978099994,0.29229825735092163,-0.05770174264907835,-0.15
57.40640679899994,0.2751636505126953,-0.07483634948730467,-0.15
57.50440492199994,0.2751636505126953,-0.07483634948730467,-0.15
57.60497212899994,0.2751636505126953,-0.07483634948730467,-0.15
57.70440810399994,0.28868716955184937,-0.06131283044815061,-0.15
57.80510406399994,0.28868716955184937,-0.06131283044815061,-0.15
57.90446848699994,0.28868716955184937,-0.06131283044815061,-0.15
58.00532806799994,0.3237783908843994,-0.026221609115600564,0.08742230676303868
58.10461564699994,0.3237783908843994,-0.026221609115600564,0.08722107530094292
58.20440861899994,0.3237783908843994,-0.026221609115600564,0.08719476838506635
58.304758457999945,0.3363325297832489,-0.013667470216751076,0.15
58.405389312999944,0.3363325297832489,-0.013667470216751076,0.15
58.50571464299994,0.3363325297832489,-0.013667470216751076,0.15
58.60455329499994,0.31555891036987305,-0.03444108963012693,-0.01490523072336681
58.70487576699994,0.31555891036987305,-0.03444108963012693,-0.014837597410113978
58.80439145399994,0.31555891036987305,-0.03444108963012693,-0.01487098499571865
58.90540041399994,0.3090049922466278,-0.04099500775337217,-0.09621332574937702
59.00759597399994,0.3090049922466278,-0.04099500775337217,-0.09622191850932649
59.10453711599994,0.3090049922466278,-0.04099500775337217,-0.0962630668605462
59.20443245399994,0.3090049922466278,-0.04099500775337217,-0.09630365722174616
59.305412270999945,0.3193868398666382,-0.030613160133361794,0.03245209258521843
59.405786324999944,0.3193868398666382,-0.030613160133361794,0.032370151251464696
59.50479926199994,0.3193868398666382,-0.030613160133361794,0.03233937328722053
59.605354688999945,0.32862377166748047,-0.02137622833251951,0.1469024993392407
59.70439320999994,0.32862377166748047,-0.02137622833251951,0.1468346780663768
59.80493155399994,0.32862377166748047,-0.02137622833251951,0.14681327218771922
59.90439580299994,0.3156384229660034,-0.03436157703399656,-0.01430439640593637
60.004450152999944,0.3156384229660034,-0.03436157703399656,-0.014273741512630223
60.10458885999994,0.3156384229660034,-0.03436157703399656,-0.014308179876105942
60.204405136999945,0.28937190771102905,-0.060628092288970925,-0.15
60.304491797999944,0.28937190771102905,-0.060628092288970925,-0.15
60.40471526399995,0.28937190771102905,-0.060628092288970925,-0.15
60.50440830899995,0.28937190771102905,-0.060628092288970925,-0.15
60.604443806999946,0.3088816702365875,-0.04111832976341245,-0.098277819550692
60.704442928999946,0.3088816702365875,-0.04111832976341245,-0.09841647551298577
60.80441129799995,0.3088816702365875,-0.04111832976341245,-0.09845802300627005
60.90441723499995,0.33535996079444885,-0.014640039205551125,0.15
61.004404128999944,0.33535996079444885,-0.014640039205551125,0.15
61.105447856999945,0.33535996079444885,-0.014640039205551125,0.15
61.20479404399995,0.3494226038455963,-0.0005773961544036643,0.15
61.30907465499995,0.3494226038455963,-0.0005773961544036643,0.15
61.404392470999944,0.3265508711338043,-0.023449128866195657,0.12045751438847893
61.50494344399994,0.3265508711338043,-0.023449128866195657,0.12054822847045693
61.60439064499994,0.3265508711338043,-0.023449128866195657,0.12052477911389975
61.704583005999936,0.3031785786151886,-0.04682142138481138,-0.15
61.80448020299993,0.3031785786151886,-0.04682142138481138,-0.15
61.90448117399993,0.3031785786151886,-0.04682142138481138,-0.15
62.00540940699993,0.28973352909088135,-0.06026647090911863,-0.15
62.10454645799993,0.28973352909088135,-0.06026647090911863,-0.15
62.20448087999993,0.28973352909088135,-0.06026647090911863,-0.15
62.30542784199993,0.32327738404273987,-0.02672261595726011,0.07975333138798664
62.40440457999993,0.32327738404273987,-0.02672261595726011,0.07955887198948963
62.504396709999924,0.3379155993461609,-0.012084400653839089,0.15
62.604392411999925,0.3379155993461609,-0.012084400653839089,0.15
62.704430951999925,0.3379155993461609,-0.012084400653839089,0.15
62.80532802999993,0.3082093894481659,-0.041790610551834084,-0.10751173380324076
62.904553455999924,0.3082093894481659,-0.041790610551834084,-0.1074038243506591
63.005402837999924,0.3082093894481659,-0.041790610551834084,-0.10744562738723112
63.104678958999926,0.2984839081764221,-0.05151609182357786,-0.15
63.204473197999924,0.2984839081764221,-0.05151609182357786,-0.15
63.30450293199993,0.2984839081764221,-0.05151609182357786,-0.15
63.40541563599993,0.323241651058197,-0.026758348941802956,0.07889532473362923
63.504799714999926,0.323241651058197,-0.026758348941802956,0.07874609856155634
63.604403137999924,0.323241651058197,-0.026758348941802956,0.07871964661898967
63.70549241399993,0.323241651058197,-0.026758348941802956,0.07869262232871838
63.80554092199993,0.3313339054584503,-0.01866609454154966,0.15
63.904395834999924,0.3313339054584503,-0.01866609454154966,0.15
64.00538969799993,0.3313339054584503,-0.01866609454154966,0.15
64.10453314899993,0.30460742115974426,-0.045392578840255715,-0.15
64.20530118699993,0.30460742115974426,-0.045392578840255715,-0.15
64.30541445899993,0.30460742115974426,-0.045392578840255715,-0.15
64.40541567399994,0.2987722158432007,-0.051227784156799294,-0.15
64.50467642399994,0.2987722158432007,-0.051227784156799294,-0.15
64.60441517199993,0.2987722158432007,-0.051227784156799294,-0.15
64.70555987899994,0.2987722158432007,-0.051227784156799294,-0.15
64.80440765799993,0.31596049666404724,-0.03403950333595274,-0.011937809434197375
64.90466527099993,0.31596049666404724,-0.03403950333595274,-0.01205857696687851
65.00540372799993,0.31596049666404724,-0.03403950333595274,-0.01209261545958168
65.10447200899993,0.3416472375392914,-0.008352762460708596,0.15
65.20440844199993,0.3416472375392914,-0.008352762460708596,0.15
65.30440547299993,0.3416472375392914,-0.008352762460708596,0.15
65.40482379699993,0.33311912417411804,-0.016880875825881936,0.15
65.50443138999994,0.33311912417411804,-0.016880875825881936,0.15
65.60502393999994,0.33311912417411804,-0.016880875825881936,0.15
65.70474703899994,0.2967665195465088,-0.05323348045349119,-0.15
65.80722943699995,0.2967665195465088,-0.05323348045349119,-0.15
65.90445305899995,0.2967665195465088,-0.05323348045349119,-0.15
66.00539376099995,0.2967665195465088,-0.05323348045349119,-0.15
66.10470149499996,0.28551948070526123,-0.06448051929473875,-0.15
66.20464917699996,0.28551948070526123,-0.06448051929473875,-0.15
66.30444072299997,0.28551948070526123,-0.06448051929473875,-0.15
66.40442740199997,0.30779463052749634,-0.04220536947250364,-0.11376223559625466
66.50495761099997,0.30779463052749634,-0.04220536947250364,-0.11391663243851469
66.60442736299997,0.30779463052749634,-0.04220536947250364,-0.11395802955996781
66.70444945299997,0.33419328927993774,-0.015806710720062234,0.15
66.80644048199997,0.33419328927993774,-0.015806710720062234,0.15
66.90452544599997,0.34700143337249756,-0.002998566627502419,0.15
67.00443007999996,0.34700143337249756,-0.002998566627502419,0.15
67.10523295699997,0.34700143337249756,-0.002998566627502419,0.15
67.20540342199997,0.32537075877189636,-0.024629241228103615,0.10381346212379822
67.30510362999998,0.32537075877189636,-0.024629241228103615,0.10389600273111887
67.40439317799998,0.32537075877189636,-0.024629241228103615,0.10387106369689098
67.50558446199997,0.3002570569515228,-0.04974294304847715,-0.15
67.60440813099997,0.3002570569515228,-0.04974294304847715,-0.15
67.70566595699997,0.3002570569515228,-0.04974294304847715,-0.15
67.80440181199997,0.2975369393825531,-0.05246306061744688,-0.15
67.90451805599997,0.2975369393825531,-0.05246306061744688,-0.15
68.00501016299997,0.2975369393825531,-0.05246306061744688,-0.15
68.10560272399997,0.31706443428993225,-0.03293556571006773,0.0006315633425183386
68.20442224299997,0.31706443428993225,-0.03293556571006773,0.000500415365410456
68.30468872899996,0.31706443428993225,-0.03293556571006773,0.0004677979793319964
68.40442542799997,0.3308781087398529,-0.019121891260147073,0.15
68.50538845299997,0.3308781087398529,-0.019121891260147073,0.15
68.60442238599997,0.3308781087398529,-0.019121891260147073,0.15
68.70538543599997,0.3189348876476288,-0.031065112352371194,0.02351320795531026
68.80541445499998,0.3189348876476288,-0.031065112352371194,0.023541636409329048
68.90454328599998,0.3189348876476288,-0.031065112352371194,0.023510885698591277
69.00439835599998,0.3018699884414673,-0.04813001155853269,-0.15
69.10539372099998,0.3018699884414673,-0.04813001155853269,-0.15
69.20438164799998,0.3018699884414673,-0.04813001155853269,-0.15
69.30439289299999,0.3071766793727875,-0.0428233206272125,-0.12245183129356357
69.40445077699998,0.3071766793727875,-0.0428233206272125,-0.12252115987628887
69.50515633099998,0.3071766793727875,-0.0428233206272125,-0.12256466971641139
69.60498577199998,0.33073732256889343,-0.019262677431106545,0.15
69.70481407799998,0.33073732256889343,-0.019262677431106545,0.15
69.80641722199998,0.33073732256889343,-0.019262677431106545,0.15
69.90469516199998,0.3415400981903076,-0.00845990180969236,0.15
70.00616090899999,0.3415400981903076,-0.00845990180969236,0.15
70.10545727299998,0.3415400981903076,-0.00845990180969236,0.15
70.20602460999999,0.3415400981903076,-0.00845990180969236,0.15
70.30533917599999,0.3415400981903076,-0.00845990180969236,0.15
70.40515677199998,0.3415400981903076,-0.00845990180969236,0.15
70.50604382199998,0.3176141083240509,-0.032385891675949074,0.006602082417702024
70.60471613499998,0.3176141083240509,-0.032385891675949074,0.006686399785211461
70.70468634599997,0.3176141083240509,-0.032385891675949074,0.0066537335337292225
70.80822968099997,0.3176141083240509,-0.032385891675949074,0.006621280359391746
70.90462582299998,0.3176141083240509,-0.032385891675949074,0.006589246943454141
71.00549150799998,0.3176141083240509,-0.032385891675949074,0.006556555635331307
71.10569926099998,0.30030664801597595,-0.049693351984024026,-0.15
71.20461089899999,0.30030664801597595,-0.049693351984024026,-0.15
71.30555395299999,0.30030664801597595,-0.049693351984024026,-0.15
71.40696770999999,0.30030664801597595,-0.049693351984024026,-0.15
71.50544686899998,0.32604822516441345,-0.023951774835586526,0.11104630670962404
71.60446981499999,0.32604822516441345,-0.023951774835586526,0.1108932253611174
71.70454408999998,0.3349640667438507,-0.01503593325614927,0.15
71.80440164599999,0.3349640667438507,-0.01503593325614927,0.15
71.90539568399998,0.3349640667438507,-0.01503593325614927,0.15
72.00441399699999,0.3239544928073883,-0.026045507192611672,0.08480479363340221
72.10451065499998,0.3239544928073883,-0.026045507192611672,0.08483391462818535
72.20462189699998,0.3239544928073883,-0.026045507192611672,0.08480787000341455
72.30439643399998,0.29844561219215393,-0.05155438780784605,-0.15
72.40441855199998,0.29844561219215393,-0.05155438780784605,-0.15
72.50441516399998,0.29844561219215393,-0.05155438780784605,-0.15
72.60540696999998,0.294081449508667,-0.055918550491332986,-0.15
72.70438487199998,0.294081449508667,-0.055918550491332986,-0.15
72.80539043699997,0.294081449508667,-0.055918550491332986,-0.15
72.90455430999997,0.3237942159175873,-0.026205784082412698,0.0826200521710279
73.00500823199997,0.3237942159175873,-0.026205784082412698,0.08244565070962401
73.10440765099996,0.3237942159175873,-0.026205784082412698,0.08241944891511016
73.20461996699996,0.33493152260780334,-0.015068477392196633,0.15
73.30441620199996,0.33493152260780334,-0.015068477392196633,0.15
73.40440097799996,0.33493152260780334,-0.015068477392196633,0.15
73.50491115899996,0.31447699666023254,-0.035523003339767434,-0.033297071979541605
73.60443853899996,0.31447699666023254,-0.035523003339767434,-0.03323063475345428
73.70438854399995,0.2996644675731659,-0.050335532426834084,-0.15
73.80438418199995,0.2996644675731659,-0.050335532426834084,-0.15
73.90527617199994,0.2996644675731659,-0.050335532426834084,-0.15
74.00504673499995,0.3132304549217224,-0.036769545078277566,-0.04880691337971914
74.10441066599995,0.3132304549217224,-0.036769545078277566,-0.048912602013880147
74.20549866299994,0.3132304549217224,-0.036769545078277566,-0.04894951814663301
74.30464574099994,0.3132304549217224,-0.036769545078277566,-0.04898556792235098
74.40602089799995,0.3132304549217224,-0.036769545078277566,-0.04902244350050183
74.50641956399996,0.3311503529548645,-0.018849647045135476,0.15
74.60446204899995,0.3311503529548645,-0.018849647045135476,0.15
74.70475042099994,0.3311503529548645,-0.018849647045135476,0.15
74.80712650499994,0.3232453167438507,-0.02675468325614927,0.07503907262571295
74.90467873699994,0.3232453167438507,-0.02675468325614927,0.07505184291402617
75.00444592699994,0.30011680722236633,-0.049883192777633645,-0.15
75.10445329899993,0.30011680722236633,-0.049883192777633645,-0.15
75.20444319199993,0.30011680722236633,-0.049883192777633645,-0.15
75.30439193999993,0.3029017448425293,-0.04709825515747068,-0.15
75.40439078199994,0.3029017448425293,-0.04709825515747068,-0.15
75.50439454399994,0.3029017448425293,-0.04709825515747068,-0.15
75.60681507899993,0.33031439781188965,-0.01968560218811033,0.15
75.70439576799993,0.33031439781188965,-0.01968560218811033,0.15
75.80538656899992,0.33031439781188965,-0.01968560218811033,0.15
75.90488249899992,0.3518698513507843,0.001869851350784324,0.15
76.00441714499992,0.3518698513507843,0.001869851350784324,0.15
76.10539300299992,0.33540934324264526,-0.014590656757354714,0.15
76.20440837299992,0.33540934324264526,-0.014590656757354714,0.15
76.30441707899992,0.33540934324264526,-0.014590656757354714,0.15
76.40439586199992,0.30326831340789795,-0.04673168659210203,-0.15
76.50438800899991,0.30326831340789795,-0.04673168659210203,-0.15
76.6045850089999,0.30326831340789795,-0.04673168659210203,-0.15
76.7044140639999,0.28763413429260254,-0.06236586570739744,-0.15
76.8043988659999,0.28763413429260254,-0.06236586570739744,-0.15
76.9043957399999,0.28763413429260254,-0.06236586570739744,-0.15
77.0059576809999,0.30765900015830994,-0.04234099984169004,-0.11887843245044226
77.1055032189999,0.30765900015830994,-0.04234099984169004,-0.11902094110762801
77.20439527399989,0.30765900015830994,-0.04234099984169004,-0.11906384010214677
77.30440139599989,0.30765900015830994,-0.04234099984169004,-0.11910559298211337
77.4045182029999,0.3335394561290741,-0.01646054387092588,0.15
77.5058360619999,0.3335394561290741,-0.01646054387092588,0.15
77.6044470539999,0.3335394561290741,-0.01646054387092588,0.15
77.7044019449999,0.3475573658943176,-0.002442634105682351,0.15
77.8044203969999,0.3475573658943176,-0.002442634105682351,0.15
77.9043988379999,0.3475573658943176,-0.002442634105682351,0.15
78.0052574119999,0.3475573658943176,-0.002442634105682351,0.15
78.10453786799991,0.318326473236084,-0.03167352676391599,0.012934109994545098
78.20442753599991,0.318326473236084,-0.03167352676391599,0.013048588107246628
78.30439612799991,0.318326473236084,-0.03167352676391599,0.013016254353102275
78.4044039619999,0.318326473236084,-0.03167352676391599,0.012985211947648123
78.50437673099991,0.318326473236084,-0.03167352676391599,0.012953568976335483
78.60646120799991,0.3071224093437195,-0.042877590656280495,-0.12607571951407492
78.70446862499992,0.3071224093437195,-0.042877590656280495,-0.12606351888262513
78.80437215499992,0.3071224093437195,-0.042877590656280495,-0.12610551514755935
78.90438498299993,0.3071224093437195,-0.042877590656280495,-0.12614838089885533
79.00656540399993,0.3071224093437195,-0.042877590656280495,-0.12619122277076356
79.10450995799992,0.3071224093437195,-0.042877590656280495,-0.12623457626665896
79.20448234599992,0.3203626871109009,-0.0296373128890991,0.037982169953892767
79.30439904199991,0.3203626871109009,-0.0296373128890991,0.037885628164730456
79.40550895799991,0.3203626871109009,-0.0296373128890991,0.03785599385499028
79.50474317199992,0.3203626871109009,-0.0296373128890991,0.03782664854906109
79.60539172699993,0.3259527385234833,-0.0240472614765167,0.1071470808397302
79.70538159399993,0.3259527385234833,-0.0240472614765167,0.10709518990306843
79.80439632599993,0.3259527385234833,-0.0240472614765167,0.10707114400146456
79.90460468599993,0.3259527385234833,-0.0240472614765167,0.10704706975535355
80.00440314199993,0.315921813249588,-0.034078186750411965,-0.017420561704740132
80.10439748699993,0.315921813249588,-0.034078186750411965,-0.017404519826724474
80.20450970199992,0.315921813249588,-0.034078186750411965,-0.017438601428109157
80.30498157799992,0.2948368191719055,-0.05516318082809446,-0.15
80.40439177399992,0.2948368191719055,-0.05516318082809446,-0.15
80.50440179399992,0.2948368191719055,-0.05516318082809446,-0.15
80.60517286899992,0.30427634716033936,-0.04572365283966062,-0.15
80.70440127699992,0.30427634716033936,-0.04572365283966062,-0.15
80.80542368599991,0.30427634716033936,-0.04572365283966062,-0.15
80.90483898599992,0.3434557616710663,-0.006544238328933694,0.15
81.00437677699992,0.3434557616710663,-0.006544238328933694,0.15
81.10445094299992,0.3434557616710663,-0.006544238328933694,0.15
81.20464049499992,0.35994458198547363,0.009944581985473655,0.15
81.30442727999993,0.35994458198547363,0.009944581985473655,0.15
81.40441645599992,0.35994458198547363,0.009944581985473655,0.15
81.50636591099992,0.35994458198547363,0.009944581985473655,0.15
81.60537992799992,0.35994458198547363,0.009944581985473655,0.15
81.70476583199992,0.33742764592170715,-0.012572354078292824,0.15
81.80463167899993,0.33742764592170715,-0.012572354078292824,0.15
81.90440535899992,0.33742764592170715,-0.012572354078292824,0.15
82.00637904299992,0.3118332028388977,-0.03816679716110227,-0.06861455047913019
82.10639849499992,0.3118332028388977,-0.03816679716110227,-0.06852411634155398
82.20489919899993,0.3118332028388977,-0.03816679716110227,-0.06856232506303345
82.30426611099992,0.3118332028388977,-0.03816679716110227,-0.068600322644646
